Workbook

Sheet original data
A1: Scenario | B1: LCA Emission (ST CO2 eq./FST) | C1: Total Emission Reduction (million ST CO2 eq.) | D1: LCA Energy Cost (USD/FST) | E1: Acc Cost Saving (million USD)
A2: S1 | B2: 2.7911 | C2: 330.4311 | D2: 220.6247 | E2: 65277.27
A3: S21 | B3: 2.7214 | C3: 433.4319 | D3: 210.879 | E3: 80253.839
A4: S22 | B4: 2.673 | C4: 532.2482 | D4: 204.1935 | E4: 94602.61
A5: S23 | B5: 2.6436 | C5: 619.7747 | D5: 200.2946 | E5: 107231.05
A6: S311 | B6: 2.7818 | C6: 342.3793 | D6: 219.3184 | E6: 67011.996
A7: S312 | B7: 2.7754 | C7: 353.7753 | D7: 218.4602 | E7: 68637.028
A8: S313 | B8: 2.7674 | C8: 367.7064 | D8: 217.352 | E8: 70662.059
A9: S314 | B9: 2.7687 | C9: 374.0768 | D9: 217.6491 | E9: 71481.406
A10: S321 | B10: 2.7808 | C10: 351.3811 | D10: 219.219 | E10: 68294.108
A11: S322 | B11: 2.7781 | C11: 366.7763 | D11: 218.9509 | E11: 70429.72
A12: S323 | B12: 2.7771 | C12: 380.8417 | D12: 218.9451 | E12: 72366.067
A13: S324 | B13: 2.7819 | C13: 386.592 | D13: 219.821 | E13: 73005.77
... A21: S344 | B21: 2.7791 | C21: 393.9679 | D21: 219.5138 | E21: 73999.161

Sheet ratio
A1: Scenario | B1: Emission Reduction | C1: total Emission Reduction (million ST CO2 eq.) | D1: Energy/fuel Cost Saving | E1: Toal Cost Saving (million USD)
A2: S1 | B2: =(3.12-'original data'!B2)/3.12 -> 0.10541667 | C2: 348.64876 | D2: =(289.79-'original data'!D2)/289.79 -> 0.23867387 | E2: 73346.814
A3: S21 | B3: =(3.12-'original data'!B3)/3.12 -> 0.12775641 | C3: 446.70348 | D3: =(289.79-'original data'!D3)/289.79 -> 0.27230408 | E3: 87755.257
A4: S22 | B4: =(3.12-'original data'!B4)/3.12 -> 0.14326923 | C4: 531.05744 | D4: =(289.79-'original data'!D4)/289.79 -> 0.29537424 | E4: 99956.409
A5: S23 | B5: =(3.12-'original data'!B5)/3.12 -> 0.15269231 | C5: 571.7559 | D5: =(289.79-'original data'!D5)/289.79 -> 0.30882846 | E5: 105188.35
A6: S311 | B6: =(3.12-'original data'!B6)/3.12 -> 0.10839744 | C6: 358.6011 | D6: =(289.79-'original data'!D6)/289.79 -> 0.24318161 | E6: 74723.28
A7: S312 | B7: =(3.12-'original data'!B7)/3.12 -> 0.11044872 | C7: 358.6011 | D7: =(289.79-'original data'!D7)/289.79 -> 0.24614307 | E7: 74723.28
A8: S313 | B8: =(3.12-'original data'!B8)/3.12 -> 0.11301282 | C8: 370.486 | D8: =(289.79-'original data'!D8)/289.79 -> 0.24996722 | E8: 76257.626
A9: S314 | B9: =(3.12-'original data'!B9)/3.12 -> 0.11259615 | C9: 361.222 | D9: =(289.79-'original data'!D9)/289.79 -> 0.24894199 | E9: 74717.115
A10: S321 | B10: =(3.12-'original data'!B10)/3.12 -> 0.10871795 | C10: 378.2307 | D10: =(289.79-'original data'!D10)/289.79 -> 0.24352462 | E10: 77701.13
A11: S322 | B11: =(3.12-'original data'!B11)/3.12 -> 0.10958333 | C11: 378.23072 | D11: =(289.79-'original data'!D11)/289.79 -> 0.24444977 | E11: 77701.13
A12: S323 | B12: =(3.12-'original data'!B12)/3.12 -> 0.10990385 | C12: 420.0914 | D12: =(289.79-'original data'!D12)/289.79 -> 0.24446979 | E12: 83610.63
A13: S324 | B13: =(3.12-'original data'!B13)/3.12 -> 0.10836538 | C13: 421.44 | D13: =(289.79-'original data'!D13)/289.79 -> 0.24144725 | E13: 83535.791
... A21: S344 | B21: =(3.12-'original data'!B21)/3.12 -> 0.10926282 | C21: 421.7251 | D21: =(289.79-'original data'!D21)/289.79 -> 0.24250733 | E21: 83639.119
A23: min | B23: =MIN(B2:B21) -> 0.10541667 | C23: =MIN(C2:C21) -> 348.64876 | D23: =MIN(D2:D21) -> 0.23867387 | E23: =MIN(E2:E21) -> 73346.814
A24: max | B24: =MAX(B2:B21) -> 0.15269231 | C24: =MAX(C2:C21) -> 571.7559 | D24: =MAX(D2:D21) -> 0.30882846 | E24: =MAX(E2:E21) -> 105188.35

Sheet normalization
A1: Scenario | B1: Emission Reduction | C1: Acc Emission Reduction (million ST CO2 eq.) | D1: Energy/fuel Cost Saving | E1: Acc Cost Saving (million USD)
A2: S1 | B2: =(ratio!B2-ratio!B$23)/(ratio!B$24-ratio!B$23)*9+1 -> 1 | C2: =(ratio!C2-ratio!C$23)/(ratio!C$24-ratio!C$23)*9+1 -> 1 | D2: =(ratio!D2-ratio!D$23)/(ratio!D$24-ratio!D$23)*9+1 -> 1 | E2: =(ratio!E2-ratio!E$23)/(ratio!E$24-ratio!E$23)*9+1 -> 1
A3: S21 | B3: =(ratio!B3-ratio!B$23)/(ratio!B$24-ratio!B$23)*9+1 -> 5.2528814 | C3: =(ratio!C3-ratio!C$23)/(ratio!C$24-ratio!C$23)*9+1 -> 4.9554648 | D3: =(ratio!D3-ratio!D$23)/(ratio!D$24-ratio!D$23)*9+1 -> 5.3143565 | E3: =(ratio!E3-ratio!E$23)/(ratio!E$24-ratio!E$23)*9+1 -> 5.072542
A4: S22 | B4: =(ratio!B4-ratio!B$23)/(ratio!B$24-ratio!B$23)*9+1 -> 8.2061017 | C4: =(ratio!C4-ratio!C$23)/(ratio!C$24-ratio!C$23)*9+1 -> 8.35825 | D4: =(ratio!D4-ratio!D$23)/(ratio!D$24-ratio!D$23)*9+1 -> 8.2739829 | E4: =(ratio!E4-ratio!E$23)/(ratio!E$24-ratio!E$23)*9+1 -> 8.5211939
A5: S23 | B5: =(ratio!B5-ratio!B$23)/(ratio!B$24-ratio!B$23)*9+1 -> 10 | C5: =(ratio!C5-ratio!C$23)/(ratio!C$24-ratio!C$23)*9+1 -> 10 | D5: =(ratio!D5-ratio!D$23)/(ratio!D$24-ratio!D$23)*9+1 -> 10 | E5: =(ratio!E5-ratio!E$23)/(ratio!E$24-ratio!E$23)*9+1 -> 10
A6: S311 | B6: =(ratio!B6-ratio!B$23)/(ratio!B$24-ratio!B$23)*9+1 -> 1.5674576 | C6: =(ratio!C6-ratio!C$23)/(ratio!C$24-ratio!C$23)*9+1 -> 1.401471 | D6: =(ratio!D6-ratio!D$23)/(ratio!D$24-ratio!D$23)*9+1 -> 1.5782903 | E6: =(ratio!E6-ratio!E$23)/(ratio!E$24-ratio!E$23)*9+1 -> 1.3890576
A7: S312 | B7: =(ratio!B7-ratio!B$23)/(ratio!B$24-ratio!B$23)*9+1 -> 1.9579661 | C7: =(ratio!C7-ratio!C$23)/(ratio!C$24-ratio!C$23)*9+1 -> 1.401471 | D7: =(ratio!D7-ratio!D$23)/(ratio!D$24-ratio!D$23)*9+1 -> 1.9582097 | E7: =(ratio!E7-ratio!E$23)/(ratio!E$24-ratio!E$23)*9+1 -> 1.3890576
A8: S313 | B8: =(ratio!B8-ratio!B$23)/(ratio!B$24-ratio!B$23)*9+1 -> 2.4461017 | C8: =(ratio!C8-ratio!C$23)/(ratio!C$24-ratio!C$23)*9+1 -> 1.8809003 | D8: =(ratio!D8-ratio!D$23)/(ratio!D$24-ratio!D$23)*9+1 -> 2.4488025 | E8: =(ratio!E8-ratio!E$23)/(ratio!E$24-ratio!E$23)*9+1 -> 1.8227401
A9: S314 | B9: =(ratio!B9-ratio!B$23)/(ratio!B$24-ratio!B$23)*9+1 -> 2.3667797 | C9: =(ratio!C9-ratio!C$23)/(ratio!C$24-ratio!C$23)*9+1 -> 1.5071965 | D9: =(ratio!D9-ratio!D$23)/(ratio!D$24-ratio!D$23)*9+1 -> 2.3172783 | E9: =(ratio!E9-ratio!E$23)/(ratio!E$24-ratio!E$23)*9+1 -> 1.3873151
A10: S321 | B10: =(ratio!B10-ratio!B$23)/(ratio!B$24-ratio!B$23)*9+1 -> 1.6284746 | C10: =(ratio!C10-ratio!C$23)/(ratio!C$24-ratio!C$23)*9+1 -> 2.1933166 | D10: =(ratio!D10-ratio!D$23)/(ratio!D$24-ratio!D$23)*9+1 -> 1.622294 | E10: =(ratio!E10-ratio!E$23)/(ratio!E$24-ratio!E$23)*9+1 -> 2.230746
A11: S322 | B11: =(ratio!B11-ratio!B$23)/(ratio!B$24-ratio!B$23)*9+1 -> 1.7932203 | C11: =(ratio!C11-ratio!C$23)/(ratio!C$24-ratio!C$23)*9+1 -> 2.1933174 | D11: =(ratio!D11-ratio!D$23)/(ratio!D$24-ratio!D$23)*9+1 -> 1.7409801 | E11: =(ratio!E11-ratio!E$23)/(ratio!E$24-ratio!E$23)*9+1 -> 2.230746
A12: S323 | B12: =(ratio!B12-ratio!B$23)/(ratio!B$24-ratio!B$23)*9+1 -> 1.8542373 | C12: =(ratio!C12-ratio!C$23)/(ratio!C$24-ratio!C$23)*9+1 -> 3.8819506 | D12: =(ratio!D12-ratio!D$23)/(ratio!D$24-ratio!D$23)*9+1 -> 1.7435477 | E12: =(ratio!E12-ratio!E$23)/(ratio!E$24-ratio!E$23)*9+1 -> 3.9010644
A13: S324 | B13: =(ratio!B13-ratio!B$23)/(ratio!B$24-ratio!B$23)*9+1 -> 1.5613559 | C13: =(ratio!C13-ratio!C$23)/(ratio!C$24-ratio!C$23)*9+1 -> 3.9363523 | D13: =(ratio!D13-ratio!D$23)/(ratio!D$24-ratio!D$23)*9+1 -> 1.3557926 | E13: =(ratio!E13-ratio!E$23)/(ratio!E$24-ratio!E$23)*9+1 -> 3.8799113
... A21: S344 | B21: =(ratio!B21-ratio!B$23)/(ratio!B$24-ratio!B$23)*9+1 -> 1.7322034 | C21: =(ratio!C21-ratio!C$23)/(ratio!C$24-ratio!C$23)*9+1 -> 3.947853 | D21: =(ratio!D21-ratio!D$23)/(ratio!D$24-ratio!D$23)*9+1 -> 1.491788 | E21: =(ratio!E21-ratio!E$23)/(ratio!E$24-ratio!E$23)*9+1 -> 3.9091168

Sheet dimension
A1: Scenario | B1: D1 | C1: D2 | D1: D3 | E1: D4
A2: S1 | B2: =(ratio!B2-ratio!B$23)/(ratio!B$24-ratio!B$23)*9+1 -> 1 | C2: =(ratio!C2-ratio!C$23)/(ratio!C$24-ratio!C$23)*9+1 -> 1 | D2: =(ratio!D2-ratio!D$23)/(ratio!D$24-ratio!D$23)*9+1 -> 1 | E2: =(ratio!E2-ratio!E$23)/(ratio!E$24-ratio!E$23)*9+1 -> 1 | F2: =SUM(B2:E2) -> 4
A3: S21 | B3: =(ratio!B3-ratio!B$23)/(ratio!B$24-ratio!B$23)*9+1 -> 5.2528814 | C3: =(ratio!C3-ratio!C$23)/(ratio!C$24-ratio!C$23)*9+1 -> 4.9554648 | D3: =(ratio!D3-ratio!D$23)/(ratio!D$24-ratio!D$23)*9+1 -> 5.3143565 | E3: =(ratio!E3-ratio!E$23)/(ratio!E$24-ratio!E$23)*9+1 -> 5.072542 | F3: =SUM(B3:E3) -> 20.595245
A4: S22 | B4: =(ratio!B4-ratio!B$23)/(ratio!B$24-ratio!B$23)*9+1 -> 8.2061017 | C4: =(ratio!C4-ratio!C$23)/(ratio!C$24-ratio!C$23)*9+1 -> 8.35825 | D4: =(ratio!D4-ratio!D$23)/(ratio!D$24-ratio!D$23)*9+1 -> 8.2739829 | E4: =(ratio!E4-ratio!E$23)/(ratio!E$24-ratio!E$23)*9+1 -> 8.5211939 | F4: =SUM(B4:E4) -> 33.359528
A5: S23 | B5: =(ratio!B5-ratio!B$23)/(ratio!B$24-ratio!B$23)*9+1 -> 10 | C5: =(ratio!C5-ratio!C$23)/(ratio!C$24-ratio!C$23)*9+1 -> 10 | D5: =(ratio!D5-ratio!D$23)/(ratio!D$24-ratio!D$23)*9+1 -> 10 | E5: =(ratio!E5-ratio!E$23)/(ratio!E$24-ratio!E$23)*9+1 -> 10 | F5: =SUM(B5:E5) -> 40
A6: S311 | B6: =(ratio!B6-ratio!B$23)/(ratio!B$24-ratio!B$23)*9+1 -> 1.5674576 | C6: =(ratio!C6-ratio!C$23)/(ratio!C$24-ratio!C$23)*9+1 -> 1.401471 | D6: =(ratio!D6-ratio!D$23)/(ratio!D$24-ratio!D$23)*9+1 -> 1.5782903 | E6: =(ratio!E6-ratio!E$23)/(ratio!E$24-ratio!E$23)*9+1 -> 1.3890576 | F6: =SUM(B6:E6) -> 5.9362766
A7: S312 | B7: =(ratio!B7-ratio!B$23)/(ratio!B$24-ratio!B$23)*9+1 -> 1.9579661 | C7: =(ratio!C7-ratio!C$23)/(ratio!C$24-ratio!C$23)*9+1 -> 1.401471 | D7: =(ratio!D7-ratio!D$23)/(ratio!D$24-ratio!D$23)*9+1 -> 1.9582097 | E7: =(ratio!E7-ratio!E$23)/(ratio!E$24-ratio!E$23)*9+1 -> 1.3890576 | F7: =SUM(B7:E7) -> 6.7067045
A8: S313 | B8: =(ratio!B8-ratio!B$23)/(ratio!B$24-ratio!B$23)*9+1 -> 2.4461017 | C8: =(ratio!C8-ratio!C$23)/(ratio!C$24-ratio!C$23)*9+1 -> 1.8809003 | D8: =(ratio!D8-ratio!D$23)/(ratio!D$24-ratio!D$23)*9+1 -> 2.4488025 | E8: =(ratio!E8-ratio!E$23)/(ratio!E$24-ratio!E$23)*9+1 -> 1.8227401 | F8: =SUM(B8:E8) -> 8.5985447
A9: S314 | B9: =(ratio!B9-ratio!B$23)/(ratio!B$24-ratio!B$23)*9+1 -> 2.3667797 | C9: =(ratio!C9-ratio!C$23)/(ratio!C$24-ratio!C$23)*9+1 -> 1.5071965 | D9: =(ratio!D9-ratio!D$23)/(ratio!D$24-ratio!D$23)*9+1 -> 2.3172783 | E9: =(ratio!E9-ratio!E$23)/(ratio!E$24-ratio!E$23)*9+1 -> 1.3873151 | F9: =SUM(B9:E9) -> 7.5785695
A10: S321 | B10: =(ratio!B10-ratio!B$23)/(ratio!B$24-ratio!B$23)*9+1 -> 1.6284746 | C10: =(ratio!C10-ratio!C$23)/(ratio!C$24-ratio!C$23)*9+1 -> 2.1933166 | D10: =(ratio!D10-ratio!D$23)/(ratio!D$24-ratio!D$23)*9+1 -> 1.622294 | E10: =(ratio!E10-ratio!E$23)/(ratio!E$24-ratio!E$23)*9+1 -> 2.230746 | F10: =SUM(B10:E10) -> 7.6748312
A11: S322 | B11: =(ratio!B11-ratio!B$23)/(ratio!B$24-ratio!B$23)*9+1 -> 1.7932203 | C11: =(ratio!C11-ratio!C$23)/(ratio!C$24-ratio!C$23)*9+1 -> 2.1933174 | D11: =(ratio!D11-ratio!D$23)/(ratio!D$24-ratio!D$23)*9+1 -> 1.7409801 | E11: =(ratio!E11-ratio!E$23)/(ratio!E$24-ratio!E$23)*9+1 -> 2.230746 | F11: =SUM(B11:E11) -> 7.9582639
A12: S323 | B12: =(ratio!B12-ratio!B$23)/(ratio!B$24-ratio!B$23)*9+1 -> 1.8542373 | C12: =(ratio!C12-ratio!C$23)/(ratio!C$24-ratio!C$23)*9+1 -> 3.8819506 | D12: =(ratio!D12-ratio!D$23)/(ratio!D$24-ratio!D$23)*9+1 -> 1.7435477 | E12: =(ratio!E12-ratio!E$23)/(ratio!E$24-ratio!E$23)*9+1 -> 3.9010644 | F12: =SUM(B12:E12) -> 11.3808
A13: S324 | B13: =(ratio!B13-ratio!B$23)/(ratio!B$24-ratio!B$23)*9+1 -> 1.5613559 | C13: =(ratio!C13-ratio!C$23)/(ratio!C$24-ratio!C$23)*9+1 -> 3.9363523 | D13: =(ratio!D13-ratio!D$23)/(ratio!D$24-ratio!D$23)*9+1 -> 1.3557926 | E13: =(ratio!E13-ratio!E$23)/(ratio!E$24-ratio!E$23)*9+1 -> 3.8799113 | F13: =SUM(B13:E13) -> 10.733412
... A21: S344 | B21: =(ratio!B21-ratio!B$23)/(ratio!B$24-ratio!B$23)*9+1 -> 1.7322034 | C21: =(ratio!C21-ratio!C$23)/(ratio!C$24-ratio!C$23)*9+1 -> 3.947853 | D21: =(ratio!D21-ratio!D$23)/(ratio!D$24-ratio!D$23)*9+1 -> 1.491788 | E21: =(ratio!E21-ratio!E$23)/(ratio!E$24-ratio!E$23)*9+1 -> 3.9091168 | F21: =SUM(B21:E21) -> 11.080961

Sheet S3-ratio
A1: Scenario | B1: Emission Reduction | C1: total Emission Reduction (million ST CO2 eq.) | D1: Energy/fuel Cost Saving | E1: Toal Cost Saving (million USD)
A2: S311 | B2: =(3.12-'original data'!B6)/3.12 -> 0.10839744 | C2: 358.6011 | D2: =(289.79-'original data'!D6)/289.79 -> 0.24318161 | E2: 74723.28
A3: S312 | B3: =(3.12-'original data'!B7)/3.12 -> 0.11044872 | C3: 358.6011 | D3: =(289.79-'original data'!D7)/289.79 -> 0.24614307 | E3: 74723.28
A4: S313 | B4: =(3.12-'original data'!B8)/3.12 -> 0.11301282 | C4: 370.486 | D4: =(289.79-'original data'!D8)/289.79 -> 0.24996722 | E4: 76257.626
A5: S314 | B5: =(3.12-'original data'!B9)/3.12 -> 0.11259615 | C5: 361.222 | D5: =(289.79-'original data'!D9)/289.79 -> 0.24894199 | E5: 74717.115
A6: S321 | B6: =(3.12-'original data'!B10)/3.12 -> 0.10871795 | C6: 378.2307 | D6: =(289.79-'original data'!D10)/289.79 -> 0.24352462 | E6: 77701.13
A7: S322 | B7: =(3.12-'original data'!B11)/3.12 -> 0.10958333 | C7: 378.23072 | D7: =(289.79-'original data'!D11)/289.79 -> 0.24444977 | E7: 77701.13
A8: S323 | B8: =(3.12-'original data'!B12)/3.12 -> 0.10990385 | C8: 420.0914 | D8: =(289.79-'original data'!D12)/289.79 -> 0.24446979 | E8: 83610.63
A9: S324 | B9: =(3.12-'original data'!B13)/3.12 -> 0.10836538 | C9: 421.44 | D9: =(289.79-'original data'!D13)/289.79 -> 0.24144725 | E9: 83535.791
A10: S331 | B10: =(3.12-'original data'!B14)/3.12 -> 0.10855769 | C10: 358.53615 | D10: =(289.79-'original data'!D14)/289.79 -> 0.24340729 | E10: 74724.668
A11: S332 | B11: =(3.12-'original data'!B15)/3.12 -> 0.11102564 | C11: 358.53615 | D11: =(289.79-'original data'!D15)/289.79 -> 0.24699541 | E11: 74724.668
A12: S333 | B12: =(3.12-'original data'!B16)/3.12 -> 0.11294872 | C12: 369.21024 | D12: =(289.79-'original data'!D16)/289.79 -> 0.24974499 | E12: 76084.75
A13: S334 | B13: =(3.12-'original data'!B17)/3.12 -> 0.11413462 | C13: 361.64337 | D13: =(289.79-'original data'!D17)/289.79 -> 0.25125953 | E13: 74836.813
... A17: S344 | B17: =(3.12-'original data'!B21)/3.12 -> 0.10926282 | C17: 421.7251 | D17: =(289.79-'original data'!D21)/289.79 -> 0.24250733 | E17: 83639.119
A19: min | B19: =MIN(B2:B17) -> 0.10836538 | C19: =MIN(C2:C17) -> 358.53615 | D19: =MIN(D2:D17) -> 0.24144725 | E19: =MIN(E2:E17) -> 74717.115
A20: max | B20: =MAX(B2:B17) -> 0.11554487 | C20: =MAX(C2:C17) -> 421.7251 | D20: =MAX(D2:D17) -> 0.25125953 | E20: =MAX(E2:E17) -> 83677.708

Sheet S3-normalization
A1: Scenario | B1: Emission Reduction | C1: Acc Emission Reduction (million ST CO2 eq.) | D1: Energy/fuel Cost Saving | E1: Acc Cost Saving (million USD)
A2: S311 | B2: =('S3-ratio'!B2-'S3-ratio'!B$19)/('S3-ratio'!B$20-'S3-ratio'!B$19)*9+1 -> 1.0401786 | C2: =('S3-ratio'!C2-'S3-ratio'!C$19)/('S3-ratio'!C$20-'S3-ratio'!C$19)*9+1 -> 1.0092508 | D2: =('S3-ratio'!D2-'S3-ratio'!D$19)/('S3-ratio'!D$20-'S3-ratio'!D$19)*9+1 -> 2.590786 | E2: =('S3-ratio'!E2-'S3-ratio'!E$19)/('S3-ratio'!E$20-'S3-ratio'!E$19)*9+1 -> 1.0061921
A3: S312 | B3: =('S3-ratio'!B3-'S3-ratio'!B$19)/('S3-ratio'!B$20-'S3-ratio'!B$19)*9+1 -> 3.6116071 | C3: =('S3-ratio'!C3-'S3-ratio'!C$19)/('S3-ratio'!C$20-'S3-ratio'!C$19)*9+1 -> 1.0092508 | D3: =('S3-ratio'!D3-'S3-ratio'!D$19)/('S3-ratio'!D$20-'S3-ratio'!D$19)*9+1 -> 5.3070863 | E3: =('S3-ratio'!E3-'S3-ratio'!E$19)/('S3-ratio'!E$20-'S3-ratio'!E$19)*9+1 -> 1.0061921
A4: S313 | B4: =('S3-ratio'!B4-'S3-ratio'!B$19)/('S3-ratio'!B$20-'S3-ratio'!B$19)*9+1 -> 6.8258929 | C4: =('S3-ratio'!C4-'S3-ratio'!C$19)/('S3-ratio'!C$20-'S3-ratio'!C$19)*9+1 -> 2.7020167 | D4: =('S3-ratio'!D4-'S3-ratio'!D$19)/('S3-ratio'!D$20-'S3-ratio'!D$19)*9+1 -> 8.814665 | E4: =('S3-ratio'!E4-'S3-ratio'!E$19)/('S3-ratio'!E$20-'S3-ratio'!E$19)*9+1 -> 2.5472862
A5: S314 | B5: =('S3-ratio'!B5-'S3-ratio'!B$19)/('S3-ratio'!B$20-'S3-ratio'!B$19)*9+1 -> 6.3035714 | C5: =('S3-ratio'!C5-'S3-ratio'!C$19)/('S3-ratio'!C$20-'S3-ratio'!C$19)*9+1 -> 1.3825455 | D5: =('S3-ratio'!D5-'S3-ratio'!D$19)/('S3-ratio'!D$20-'S3-ratio'!D$19)*9+1 -> 7.8743098 | E5: =('S3-ratio'!E5-'S3-ratio'!E$19)/('S3-ratio'!E$20-'S3-ratio'!E$19)*9+1 -> 1
A6: S321 | B6: =('S3-ratio'!B6-'S3-ratio'!B$19)/('S3-ratio'!B$20-'S3-ratio'!B$19)*9+1 -> 1.4419643 | C6: =('S3-ratio'!C6-'S3-ratio'!C$19)/('S3-ratio'!C$20-'S3-ratio'!C$19)*9+1 -> 3.8050941 | D6: =('S3-ratio'!D6-'S3-ratio'!D$19)/('S3-ratio'!D$20-'S3-ratio'!D$19)*9+1 -> 2.9053983 | E6: =('S3-ratio'!E6-'S3-ratio'!E$19)/('S3-ratio'!E$20-'S3-ratio'!E$19)*9+1 -> 3.9971382
A7: S322 | B7: =('S3-ratio'!B7-'S3-ratio'!B$19)/('S3-ratio'!B$20-'S3-ratio'!B$19)*9+1 -> 2.5267857 | C7: =('S3-ratio'!C7-'S3-ratio'!C$19)/('S3-ratio'!C$20-'S3-ratio'!C$19)*9+1 -> 3.8050969 | D7: =('S3-ratio'!D7-'S3-ratio'!D$19)/('S3-ratio'!D$20-'S3-ratio'!D$19)*9+1 -> 3.7539652 | E7: =('S3-ratio'!E7-'S3-ratio'!E$19)/('S3-ratio'!E$20-'S3-ratio'!E$19)*9+1 -> 3.9971382
A8: S323 | B8: =('S3-ratio'!B8-'S3-ratio'!B$19)/('S3-ratio'!B$20-'S3-ratio'!B$19)*9+1 -> 2.9285714 | C8: =('S3-ratio'!C8-'S3-ratio'!C$19)/('S3-ratio'!C$20-'S3-ratio'!C$19)*9+1 -> 9.7673122 | D8: =('S3-ratio'!D8-'S3-ratio'!D$19)/('S3-ratio'!D$20-'S3-ratio'!D$19)*9+1 -> 3.7723228 | E8: =('S3-ratio'!E8-'S3-ratio'!E$19)/('S3-ratio'!E$20-'S3-ratio'!E$19)*9+1 -> 9.9326272
A9: S324 | B9: =('S3-ratio'!B9-'S3-ratio'!B$19)/('S3-ratio'!B$20-'S3-ratio'!B$19)*9+1 -> 1 | C9: =('S3-ratio'!C9-'S3-ratio'!C$19)/('S3-ratio'!C$20-'S3-ratio'!C$19)*9+1 -> 9.9593932 | D9: =('S3-ratio'!D9-'S3-ratio'!D$19)/('S3-ratio'!D$20-'S3-ratio'!D$19)*9+1 -> 1 | E9: =('S3-ratio'!E9-'S3-ratio'!E$19)/('S3-ratio'!E$20-'S3-ratio'!E$19)*9+1 -> 9.8574594
A10: S331 | B10: =('S3-ratio'!B10-'S3-ratio'!B$19)/('S3-ratio'!B$20-'S3-ratio'!B$19)*9+1 -> 1.2410714 | C10: =('S3-ratio'!C10-'S3-ratio'!C$19)/('S3-ratio'!C$20-'S3-ratio'!C$19)*9+1 -> 1 | D10: =('S3-ratio'!D10-'S3-ratio'!D$19)/('S3-ratio'!D$20-'S3-ratio'!D$19)*9+1 -> 2.7977844 | E10: =('S3-ratio'!E10-'S3-ratio'!E$19)/('S3-ratio'!E$20-'S3-ratio'!E$19)*9+1 -> 1.0075861
A11: S332 | B11: =('S3-ratio'!B11-'S3-ratio'!B$19)/('S3-ratio'!B$20-'S3-ratio'!B$19)*9+1 -> 4.3348214 | C11: =('S3-ratio'!C11-'S3-ratio'!C$19)/('S3-ratio'!C$20-'S3-ratio'!C$19)*9+1 -> 1.0000001 | D11: =('S3-ratio'!D11-'S3-ratio'!D$19)/('S3-ratio'!D$20-'S3-ratio'!D$19)*9+1 -> 6.0888694 | E11: =('S3-ratio'!E11-'S3-ratio'!E$19)/('S3-ratio'!E$20-'S3-ratio'!E$19)*9+1 -> 1.0075861
A12: S333 | B12: =('S3-ratio'!B12-'S3-ratio'!B$19)/('S3-ratio'!B$20-'S3-ratio'!B$19)*9+1 -> 6.7455357 | C12: =('S3-ratio'!C12-'S3-ratio'!C$19)/('S3-ratio'!C$20-'S3-ratio'!C$19)*9+1 -> 2.5203103 | D12: =('S3-ratio'!D12-'S3-ratio'!D$19)/('S3-ratio'!D$20-'S3-ratio'!D$19)*9+1 -> 8.6108317 | E12: =('S3-ratio'!E12-'S3-ratio'!E$19)/('S3-ratio'!E$20-'S3-ratio'!E$19)*9+1 -> 2.3736496
A13: S334 | B13: =('S3-ratio'!B13-'S3-ratio'!B$19)/('S3-ratio'!B$20-'S3-ratio'!B$19)*9+1 -> 8.2321429 | C13: =('S3-ratio'!C13-'S3-ratio'!C$19)/('S3-ratio'!C$20-'S3-ratio'!C$19)*9+1 -> 1.442562 | D13: =('S3-ratio'!D13-'S3-ratio'!D$19)/('S3-ratio'!D$20-'S3-ratio'!D$19)*9+1 -> 10 | E13: =('S3-ratio'!E13-'S3-ratio'!E$19)/('S3-ratio'!E$20-'S3-ratio'!E$19)*9+1 -> 1.1202244
... A17: S344 | B17: =('S3-ratio'!B17-'S3-ratio'!B$19)/('S3-ratio'!B$20-'S3-ratio'!B$19)*9+1 -> 2.125 | C17: =('S3-ratio'!C17-'S3-ratio'!C$19)/('S3-ratio'!C$20-'S3-ratio'!C$19)*9+1 -> 10 | D17: =('S3-ratio'!D17-'S3-ratio'!D$19)/('S3-ratio'!D$20-'S3-ratio'!D$19)*9+1 -> 1.9723228 | E17: =('S3-ratio'!E17-'S3-ratio'!E$19)/('S3-ratio'!E$20-'S3-ratio'!E$19)*9+1 -> 9.9612414

Sheet S3-dimension
A1: Scenario | B1: D1 | C1: D2 | D1: D3 | E1: D4 | F1: Sum
A2: S3-1-1 | B2: =('S3-ratio'!B2-'S3-ratio'!B$19)/('S3-ratio'!B$20-'S3-ratio'!B$19)*9+1 -> 1.0401786 | C2: =('S3-ratio'!C2-'S3-ratio'!C$19)/('S3-ratio'!C$20-'S3-ratio'!C$19)*9+1 -> 1.0092508 | D2: =('S3-ratio'!D2-'S3-ratio'!D$19)/('S3-ratio'!D$20-'S3-ratio'!D$19)*9+1 -> 2.590786 | E2: =('S3-ratio'!E2-'S3-ratio'!E$19)/('S3-ratio'!E$20-'S3-ratio'!E$19)*9+1 -> 1.0061921 | F2: =SUM(B2:E2) -> 5.6464075
A3: S3-1-2 | B3: =('S3-ratio'!B3-'S3-ratio'!B$19)/('S3-ratio'!B$20-'S3-ratio'!B$19)*9+1 -> 3.6116071 | C3: =('S3-ratio'!C3-'S3-ratio'!C$19)/('S3-ratio'!C$20-'S3-ratio'!C$19)*9+1 -> 1.0092508 | D3: =('S3-ratio'!D3-'S3-ratio'!D$19)/('S3-ratio'!D$20-'S3-ratio'!D$19)*9+1 -> 5.3070863 | E3: =('S3-ratio'!E3-'S3-ratio'!E$19)/('S3-ratio'!E$20-'S3-ratio'!E$19)*9+1 -> 1.0061921 | F3: =SUM(B3:E3) -> 10.934136
A4: S3-1-3 | B4: =('S3-ratio'!B4-'S3-ratio'!B$19)/('S3-ratio'!B$20-'S3-ratio'!B$19)*9+1 -> 6.8258929 | C4: =('S3-ratio'!C4-'S3-ratio'!C$19)/('S3-ratio'!C$20-'S3-ratio'!C$19)*9+1 -> 2.7020167 | D4: =('S3-ratio'!D4-'S3-ratio'!D$19)/('S3-ratio'!D$20-'S3-ratio'!D$19)*9+1 -> 8.814665 | E4: =('S3-ratio'!E4-'S3-ratio'!E$19)/('S3-ratio'!E$20-'S3-ratio'!E$19)*9+1 -> 2.5472862 | F4: =SUM(B4:E4) -> 20.889861
A5: S3-1-4 | B5: =('S3-ratio'!B5-'S3-ratio'!B$19)/('S3-ratio'!B$20-'S3-ratio'!B$19)*9+1 -> 6.3035714 | C5: =('S3-ratio'!C5-'S3-ratio'!C$19)/('S3-ratio'!C$20-'S3-ratio'!C$19)*9+1 -> 1.3825455 | D5: =('S3-ratio'!D5-'S3-ratio'!D$19)/('S3-ratio'!D$20-'S3-ratio'!D$19)*9+1 -> 7.8743098 | E5: =('S3-ratio'!E5-'S3-ratio'!E$19)/('S3-ratio'!E$20-'S3-ratio'!E$19)*9+1 -> 1 | F5: =SUM(B5:E5) -> 16.560427
A6: S3-2-1 | B6: =('S3-ratio'!B6-'S3-ratio'!B$19)/('S3-ratio'!B$20-'S3-ratio'!B$19)*9+1 -> 1.4419643 | C6: =('S3-ratio'!C6-'S3-ratio'!C$19)/('S3-ratio'!C$20-'S3-ratio'!C$19)*9+1 -> 3.8050941 | D6: =('S3-ratio'!D6-'S3-ratio'!D$19)/('S3-ratio'!D$20-'S3-ratio'!D$19)*9+1 -> 2.9053983 | E6: =('S3-ratio'!E6-'S3-ratio'!E$19)/('S3-ratio'!E$20-'S3-ratio'!E$19)*9+1 -> 3.9971382 | F6: =SUM(B6:E6) -> 12.149595
A7: S3-2-2 | B7: =('S3-ratio'!B7-'S3-ratio'!B$19)/('S3-ratio'!B$20-'S3-ratio'!B$19)*9+1 -> 2.5267857 | C7: =('S3-ratio'!C7-'S3-ratio'!C$19)/('S3-ratio'!C$20-'S3-ratio'!C$19)*9+1 -> 3.8050969 | D7: =('S3-ratio'!D7-'S3-ratio'!D$19)/('S3-ratio'!D$20-'S3-ratio'!D$19)*9+1 -> 3.7539652 | E7: =('S3-ratio'!E7-'S3-ratio'!E$19)/('S3-ratio'!E$20-'S3-ratio'!E$19)*9+1 -> 3.9971382 | F7: =SUM(B7:E7) -> 14.082986
A8: S3-2-3 | B8: =('S3-ratio'!B8-'S3-ratio'!B$19)/('S3-ratio'!B$20-'S3-ratio'!B$19)*9+1 -> 2.9285714 | C8: =('S3-ratio'!C8-'S3-ratio'!C$19)/('S3-ratio'!C$20-'S3-ratio'!C$19)*9+1 -> 9.7673122 | D8: =('S3-ratio'!D8-'S3-ratio'!D$19)/('S3-ratio'!D$20-'S3-ratio'!D$19)*9+1 -> 3.7723228 | E8: =('S3-ratio'!E8-'S3-ratio'!E$19)/('S3-ratio'!E$20-'S3-ratio'!E$19)*9+1 -> 9.9326272 | F8: =SUM(B8:E8) -> 26.400834
A9: S3-2-4 | B9: =('S3-ratio'!B9-'S3-ratio'!B$19)/('S3-ratio'!B$20-'S3-ratio'!B$19)*9+1 -> 1 | C9: =('S3-ratio'!C9-'S3-ratio'!C$19)/('S3-ratio'!C$20-'S3-ratio'!C$19)*9+1 -> 9.9593932 | D9: =('S3-ratio'!D9-'S3-ratio'!D$19)/('S3-ratio'!D$20-'S3-ratio'!D$19)*9+1 -> 1 | E9: =('S3-ratio'!E9-'S3-ratio'!E$19)/('S3-ratio'!E$20-'S3-ratio'!E$19)*9+1 -> 9.8574594 | F9: =SUM(B9:E9) -> 21.816853
A10: S3-3-1 | B10: =('S3-ratio'!B10-'S3-ratio'!B$19)/('S3-ratio'!B$20-'S3-ratio'!B$19)*9+1 -> 1.2410714 | C10: =('S3-ratio'!C10-'S3-ratio'!C$19)/('S3-ratio'!C$20-'S3-ratio'!C$19)*9+1 -> 1 | D10: =('S3-ratio'!D10-'S3-ratio'!D$19)/('S3-ratio'!D$20-'S3-ratio'!D$19)*9+1 -> 2.7977844 | E10: =('S3-ratio'!E10-'S3-ratio'!E$19)/('S3-ratio'!E$20-'S3-ratio'!E$19)*9+1 -> 1.0075861 | F10: =SUM(B10:E10) -> 6.046442
A11: S3-3-2 | B11: =('S3-ratio'!B11-'S3-ratio'!B$19)/('S3-ratio'!B$20-'S3-ratio'!B$19)*9+1 -> 4.3348214 | C11: =('S3-ratio'!C11-'S3-ratio'!C$19)/('S3-ratio'!C$20-'S3-ratio'!C$19)*9+1 -> 1.0000001 | D11: =('S3-ratio'!D11-'S3-ratio'!D$19)/('S3-ratio'!D$20-'S3-ratio'!D$19)*9+1 -> 6.0888694 | E11: =('S3-ratio'!E11-'S3-ratio'!E$19)/('S3-ratio'!E$20-'S3-ratio'!E$19)*9+1 -> 1.0075861 | F11: =SUM(B11:E11) -> 12.431277
A12: S3-3-3 | B12: =('S3-ratio'!B12-'S3-ratio'!B$19)/('S3-ratio'!B$20-'S3-ratio'!B$19)*9+1 -> 6.7455357 | C12: =('S3-ratio'!C12-'S3-ratio'!C$19)/('S3-ratio'!C$20-'S3-ratio'!C$19)*9+1 -> 2.5203103 | D12: =('S3-ratio'!D12-'S3-ratio'!D$19)/('S3-ratio'!D$20-'S3-ratio'!D$19)*9+1 -> 8.6108317 | E12: =('S3-ratio'!E12-'S3-ratio'!E$19)/('S3-ratio'!E$20-'S3-ratio'!E$19)*9+1 -> 2.3736496 | F12: =SUM(B12:E12) -> 20.250327
A13: S3-3-4 | B13: =('S3-ratio'!B13-'S3-ratio'!B$19)/('S3-ratio'!B$20-'S3-ratio'!B$19)*9+1 -> 8.2321429 | C13: =('S3-ratio'!C13-'S3-ratio'!C$19)/('S3-ratio'!C$20-'S3-ratio'!C$19)*9+1 -> 1.442562 | D13: =('S3-ratio'!D13-'S3-ratio'!D$19)/('S3-ratio'!D$20-'S3-ratio'!D$19)*9+1 -> 10 | E13: =('S3-ratio'!E13-'S3-ratio'!E$19)/('S3-ratio'!E$20-'S3-ratio'!E$19)*9+1 -> 1.1202244 | F13: =SUM(B13:E13) -> 20.794929
... A17: S3-4-4 | B17: =('S3-ratio'!B17-'S3-ratio'!B$19)/('S3-ratio'!B$20-'S3-ratio'!B$19)*9+1 -> 2.125 | C17: =('S3-ratio'!C17-'S3-ratio'!C$19)/('S3-ratio'!C$20-'S3-ratio'!C$19)*9+1 -> 10 | D17: =('S3-ratio'!D17-'S3-ratio'!D$19)/('S3-ratio'!D$20-'S3-ratio'!D$19)*9+1 -> 1.9723228 | E17: =('S3-ratio'!E17-'S3-ratio'!E$19)/('S3-ratio'!E$20-'S3-ratio'!E$19)*9+1 -> 9.9612414 | F17: =SUM(B17:E17) -> 24.058564
